{
  "speaking_rate_wpm": 150.0,
  "average_pause_duration": 0.0667573696145124,
  "energy_levels": [
    -56.02471923828125,
    -44.6705436706543,
    -40.28776550292969,
    -41.188201904296875,
    -45.724422454833984,
    -45.873573303222656,
    -43.14198303222656,
    -43.736087799072266,
    -45.87371063232422,
    -47.11118698120117,
    -48.51725769042969,
    -50.42226791381836,
    -54.88242721557617,
    -60.662139892578125,
    -65.39881896972656,
    -69.61701965332031,
    -72.68116760253906,
    -75.84790802001953,
    -78.87873840332031,
    -79.25613403320312,
    -79.53990173339844,
    -79.84870910644531,
    -80.0,
    -80.0,
    -79.8583755493164,
    -75.437744140625,
    -54.064239501953125,
    -43.37480926513672,
    -39.32045364379883,
    -39.56123352050781,
    -42.69858169555664,
    -47.52835464477539,
    -47.859458923339844,
    -47.75251007080078,
    -46.716941833496094,
    -47.60215377807617,
    -46.999305725097656,
    -41.5963020324707,
    -39.86542892456055,
    -40.77497482299805,
    -45.992897033691406,
    -54.912628173828125,
    -50.565757751464844,
    -47.663394927978516,
    -44.40925216674805,
    -40.428958892822266,
    -37.573509216308594,
    -37.9212646484375,
    -39.77729415893555,
    -43.555908203125,
    -51.500732421875,
    -56.653568267822266,
    -55.62285614013672,
    -51.40422821044922,
    -48.76477813720703,
    -50.10334014892578,
    -53.78358840942383,
    -60.48435974121094,
    -62.860111236572266,
    -56.89552307128906,
    -50.98453903198242,
    -44.59366989135742,
    -39.910987854003906,
    -39.76142120361328,
    -43.05414581298828,
    -49.403160095214844,
    -61.636802673339844,
    -54.68987274169922,
    -50.318946838378906,
    -49.74828338623047,
    -50.157772064208984,
    -54.644100189208984,
    -58.74994659423828,
    -53.13734817504883,
    -51.92102813720703,
    -52.9717903137207,
    -51.22936248779297,
    -50.438785552978516,
    -51.0320930480957,
    -54.24085998535156,
    -58.101741790771484,
    -54.57986068725586,
    -53.767051696777344,
    -50.19258117675781,
    -47.99699020385742,
    -47.88011169433594,
    -46.49551773071289,
    -43.79691696166992,
    -41.722896575927734,
    -40.333152770996094,
    -40.2014045715332,
    -42.29793167114258,
    -45.26078796386719,
    -48.87664031982422,
    -54.204044342041016,
    -61.06699752807617
  ],
  "pitch_contour": [
    206.4563592676515,
    201.74088950502764,
    199.42369775418427,
    198.27510177438265,
    191.5211239251473,
    169.64319079487348,
    164.81377845643496,
    162.92073075152206,
    161.9823763910578,
    161.0494265540188,
    161.9823763910578,
    161.9823763910578,
    162.92073075152206,
    163.86452094349724,
    162.92073075152206,
    159.19961611844158,
    149.39896882100535,
    154.66751207845843,
    159.19961611844158,
    165.76853496220332,
    161.9823763910578,
    158.2826938011902,
    166.7288223161438,
    138.59131548843604,
    152.89100418265707,
    170.6259238017108,
    178.6955271983718,
    179.73069985652097,
    179.73069985652097,
    186.06888929891866,
    198.27510177438265,
    251.2581146483697,
    251.2581146483697,
    258.62053938239393,
    249.81097439559304,
    207.65234878997256,
    188.23090565017245,
    187.14677540918822,
    186.06888929891866,
    176.64303400994282,
    146.8323839587038,
    146.8323839587038,
    178.6955271983718,
    195.99771799087463,
    194.86885420251932,
    192.63059450929475,
    191.5211239251473,
    189.3213161937526,
    184.9972113558172,
    176.64303400994282,
    160.1218501126406,
    137.79308824865404,
    132.33275396903284,
    131.5705733911144,
    131.5705733911144,
    127.08879665595002,
    117.21605517913326,
    142.65235101161107,
    144.30989148811935,
    139.3941668115768,
    134.6458897635121,
    133.87038650376502,
    133.09934981412218,
    130.8127826502993,
    128.565497341737,
    133.09934981412218,
    130.8127826502993,
    127.82501456536235,
    127.82501456536235,
    126.35681904967383,
    124.18608452867444,
    152.89100418265707,
    153.77669275969214,
    153.77669275969214,
    153.77669275969214,
    152.89100418265707,
    146.8323839587038,
    145.14587018501834,
    136.21039964151845,
    145.14587018501834,
    161.0494265540188,
    143.47872767421205,
    145.14587018501834,
    144.30989148811935,
    138.59131548843604,
    133.09934981412218,
    102.63362906904881,
    88.83315834800462,
    87.81282249923149
  ],
  "mean_pitch": 160.9765666207214,
  "pitch_range": [
    87.81282249923149,
    258.62053938239393
  ]
}